number,reference,x_mm,y_mm,rotation_deg
1,SW1,3.92,-182.5,180.0
2,SW2,27.7325,-182.5,180.0
3,SW3,46.7825,-182.5,180.0
4,SW4,65.8325,-182.5,180.0
5,SW5,84.8825,-182.5,180.0
6,SW6,108.695,-182.5,180.0
7,SW7,127.745,-182.5,180.0
8,SW8,146.795,-182.5,180.0
9,SW9,165.845,-182.5,180.0
10,SW10,189.8289,-182.5,180.0
11,SW11,208.879,-182.5,180.0
12,SW12,227.929,-182.5,180.0
13,SW13,246.8075,-182.5,180.0
14,SW14,270.62,-182.5,180.0
15,SW15,3.92,-158.6875,180.0
16,SW16,22.97,-158.6875,180.0
17,SW17,42.02,-158.6875,180.0
18,SW18,61.07,-158.6875,180.0
19,SW19,80.12,-158.6875,180.0
20,SW20,99.17,-158.6875,180.0
21,SW21,118.22,-158.6875,180.0
22,SW22,137.27,-158.6875,180.0
23,SW23,156.32,-158.6875,180.0
24,SW24,175.37,-158.6875,180.0
25,SW25,194.42,-158.6875,180.0
26,SW26,213.47,-158.6875,180.0
27,SW27,232.52,-158.6875,180.0
28,SW28,261.095,-158.6875,180.0
29,SW29,293.0,-128.33,180.0
30,SW30,8.6825,-139.6375,180.0
31,SW31,32.495,-139.6375,180.0
32,SW32,51.545,-139.6375,180.0
33,SW33,70.595,-139.6375,180.0
34,SW34,89.645,-139.6375,180.0
35,SW35,108.695,-139.6375,180.0
36,SW36,127.745,-139.6375,180.0
37,SW37,146.795,-139.6375,180.0
38,SW38,165.845,-139.6375,180.0
39,SW39,184.895,-139.6375,180.0
40,SW40,203.945,-139.6375,180.0
41,SW41,222.995,-139.6375,180.0
42,SW42,242.045,-139.6375,180.0
43,SW43,265.8575,-139.6375,180.0
44,SW44,293.0,-109.28,180.0
45,SW45,11.0638,-120.5875,180.0
46,SW46,37.2575,-120.5875,180.0
47,SW47,56.3075,-120.5875,180.0
48,SW48,75.3575,-120.5875,180.0
49,SW49,94.4075,-120.5875,180.0
50,SW50,113.4575,-120.5875,180.0
51,SW51,132.5075,-120.5875,180.0
52,SW52,151.5575,-120.5875,180.0
53,SW53,170.6075,-120.5875,180.0
54,SW54,189.6575,-120.5875,180.0
55,SW55,208.7075,-120.5875,180.0
56,SW56,227.7575,-120.5875,180.0
57,SW57,258.7138,-120.5875,180.0
59,SW59,15.8262,-101.5375,180.0
60,SW60,46.7825,-101.5375,180.0
61,SW61,65.8325,-101.5375,180.0
62,SW62,84.8825,-101.5375,180.0
63,SW63,103.9325,-101.5375,180.0
64,SW64,122.9825,-101.5375,180.0
65,SW65,142.0325,-101.5375,180.0
66,SW66,161.0825,-101.5375,180.0
67,SW67,180.1325,-101.5375,180.0
68,SW68,199.1825,-101.5375,180.0
69,SW69,218.2325,-101.5375,180.0
70,SW70,244.4263,-101.5375,180.0
71,SW71,270.62,-101.5375,180.0
72,SW72,6.3012,-82.4875,180.0
73,SW73,30.1138,-82.4875,180.0
74,SW74,53.9263,-82.4875,180.0
75,SW75,125.3638,-82.4875,180.0
76,SW76,196.8012,-82.4875,180.0
77,SW77,220.6137,-82.4875,180.0
78,SW78,251.57,-82.4875,180.0
79,SW79,270.62,-82.4875,180.0
80,SW80,289.67,-82.4875,180.0
